index,name,rating,category,price,address,city,zipcode,country,full_address,image_url,phone
1,1000 Degrees Pizza,3.5,Pizza,,2941 Main St,Glastonbury,06033,US,"1000 Degrees Pizza, 2941 Main St, Glastonbury, CT 06033, ",https://s3-media2.fl.yelpcdn.com/bphoto/WJo0np_R4UgQa-PLb7GiYA/o.jpg,(860) 500-1000
2,451 Restaurant & Lounge,3.5,Latin American,$$,341 Franklin Ave,Hartford,06114,US,"451 Restaurant & Lounge, 341 Franklin Ave, Hartford, CT 06114, ",https://s3-media3.fl.yelpcdn.com/bphoto/hUCIrBcAH61s-irRDzpTGw/o.jpg,(860) 206-1556
3,5 And Dime Canteen,4.5,Breakfast & Brunch,$,1100 Main St,Newington,06111,US,"5 And Dime Canteen, 1100 Main St, Newington, CT 06111, ",https://s3-media3.fl.yelpcdn.com/bphoto/cd1vI6R88dEWSL1EO0UYNw/o.jpg,(860) 665-7848
4,50 Elm,4,Cocktail Bars,$$,50 Elm St,Hartford,06106,US,"50 Elm, 50 Elm St, Hartford, CT 06106, ",https://s3-media2.fl.yelpcdn.com/bphoto/jLEA1ovuwaMTFjbWc4JrKA/o.jpg,(860) 206-3322
5,99 Restaurants,3,Pubs,$$,3025 Main St,Glastonbury,06033,US,"99 Restaurants, 3025 Main St, Glastonbury, CT 06033, ",https://s3-media1.fl.yelpcdn.com/bphoto/0O7tsBWEUudSMEJd0WUHgQ/o.jpg,(860) 652-9699
6,A-1 Pizza,3,Pizza,$$,274 Farmington Ave,Hartford,06105,US,"A-1 Pizza, 274 Farmington Ave, Hartford, CT 06105, ",https://s3-media3.fl.yelpcdn.com/bphoto/hBxlOg3DDj9_Xze8-RV2gw/o.jpg,(860) 525-6666
7,ABC Pizza House,2.5,Pizza,$,287 New Britain Ave,Hartford,06106,US,"ABC Pizza House, 287 New Britain Ave, Hartford, CT 06106, ",https://s3-media3.fl.yelpcdn.com/bphoto/62Dc9SQlYMKmY6rsJBoLvQ/o.jpg,(860) 247-0234
8,AC Petersen Farms,3,American (Traditional),$$,240 Park Rd,West Hartford,06119,US,"AC Petersen Farms, 240 Park Rd, West Hartford, CT 06119, ",https://s3-media3.fl.yelpcdn.com/bphoto/FiEbhIqFNrIVvgxLemskOw/o.jpg,(860) 233-8483
9,Agave Grill,3.5,Mexican,$$,100 Allyn St,Hartford,06103,US,"Agave Grill, 100 Allyn St, Hartford, CT 06103, ",https://s3-media2.fl.yelpcdn.com/bphoto/aD1sgjb9f8f6ImyT49gQ6g/o.jpg,(860) 882-1557
10,Ajamo,4.5,Salad,$,30 State House Sq,Hartford,06103,US,"Ajamo, 30 State House Sq, Hartford, CT 06103, ",https://s3-media3.fl.yelpcdn.com/bphoto/4_IRevI2Q34KxSlZ-z9ThA/o.jpg,(860) 947-0799
11,Aladdin Halal,3.5,Halal,$,100 Allyn St,Hartford,06103,US,"Aladdin Halal, 100 Allyn St, Hartford, CT 06103, ",https://s3-media1.fl.yelpcdn.com/bphoto/ii4z7k4pA8YsXps5XN1QwQ/o.jpg,(860) 278-0202
12,Allegro Cafe,4.5,Diners,$,347 Franklin Ave,Hartford,06114,US,"Allegro Cafe, 347 Franklin Ave, Hartford, CT 06114, ",https://s3-media1.fl.yelpcdn.com/bphoto/ZlqSjJixlEH9cAdGbm8xhg/o.jpg,(860) 296-8139
13,Alpha Original Pizza,3.5,Pizza,,620 Silas Deane Hwy,Wethersfield,06109,US,"Alpha Original Pizza, 620 Silas Deane Hwy, Wethersfield, CT 06109, ",https://s3-media2.fl.yelpcdn.com/bphoto/ADaZAii0B3yOxRXVPiK7Tg/o.jpg,(860) 372-4807
14,Andrea's Restaurante,3.5,Latin American,$$,371 Franklin Ave,Hartford,06114,US,"Andrea's Restaurante, 371 Franklin Ave, Hartford, CT 06114, ",https://s3-media4.fl.yelpcdn.com/bphoto/tzZOoFL5bhnikzP-xixDzg/o.jpg,(860) 296-2100
15,Angelina's Pizza,4.5,Pizza,$,41 Prospect Ave,West Hartford,06106,US,"Angelina's Pizza, 41 Prospect Ave, West Hartford, CT 06106, ",https://s3-media2.fl.yelpcdn.com/bphoto/hHlRBNOloOR5m-_KmEPkXQ/o.jpg,(860) 232-4080
16,Angry Tofu Korean Cuisine,4.5,Korean,$$,1030 Silas Deane Hwy,Wethersfield,06109,US,"Angry Tofu Korean Cuisine, 1030 Silas Deane Hwy, Wethersfield, CT 06109, ",https://s3-media3.fl.yelpcdn.com/bphoto/R-T2sPDusL93F2nG2RHC-Q/o.jpg,(860) 513-1004
17,Antojitos Colombianos,4.5,Colombian,$$$,704 Park St,Hartford,06106,US,"Antojitos Colombianos, 704 Park St, Hartford, CT 06106, ",https://s3-media2.fl.yelpcdn.com/bphoto/qtrJF5qxqLM-ybg-UTuhcg/o.jpg,(860) 247-6449
18,Aqui Me Quedo Restaurant,3,Restaurants,$,622 Park St,Hartford,06106,US,"Aqui Me Quedo Restaurant, 622 Park St, Hartford, CT 06106, ",https://s3-media1.fl.yelpcdn.com/bphoto/T4QPlYJBkKeR7bREtlMHCg/o.jpg,(860) 522-1717
19,Aqui Me Quedo Restaurant,4,Puerto Rican,$,150 Albany Ave,Hartford,06120,US,"Aqui Me Quedo Restaurant, 150 Albany Ave, Hartford, CT 06120, ",https://s3-media4.fl.yelpcdn.com/bphoto/L7Ng3WxvdFzig8ZHi2Yg9w/o.jpg,(860) 278-2033
20,Arch Street Tavern,3,American (Traditional),$$,85 Arch St,Hartford,06103,US,"Arch Street Tavern, 85 Arch St, Hartford, CT 06103, ",https://s3-media2.fl.yelpcdn.com/bphoto/6QdZt4_gIi_2wohLcrTbqg/o.jpg,(860) 246-7610
21,Arena Patio Restaurant,3.5,Italian,$$,873 Wethersfield Ave,Hartford,06114,US,"Arena Patio Restaurant, 873 Wethersfield Ave, Hartford, CT 06114, ",https://s3-media2.fl.yelpcdn.com/bphoto/mixWfwrUbKN5NltU_3Kz3A/o.jpg,(860) 296-2483
22,Aroma Bistro,4.5,Burgers,$,227 Main St,Wethersfield,06109,US,"Aroma Bistro, 227 Main St, Wethersfield, CT 06109, ",https://s3-media2.fl.yelpcdn.com/bphoto/7tZRPUHEc4a_lCzhgsTHKw/o.jpg,(860) 436-5772
23,Artichoke Basille’s Pizza,4,Pizza,$$,114 Asylum St,Hartford,06103,US,"Artichoke Basille’s Pizza, 114 Asylum St, Hartford, CT 06103, ",https://s3-media2.fl.yelpcdn.com/bphoto/Xzgd8xI09UhPPreE7aleNg/o.jpg,(860) 969-6128
24,Artisan Restaurant,3.5,Breakfast & Brunch,$$$,1 Memorial Rd,West Hartford,06107,US,"Artisan Restaurant, 1 Memorial Rd, West Hartford, CT 06107, ",https://s3-media3.fl.yelpcdn.com/bphoto/yIZOPOXmVX6Ox2aR-iD2Bw/o.jpg,(860) 937-2525
25,Arugula,4,Mediterranean,$$,953 Farmington Ave,West Hartford,06107,US,"Arugula, 953 Farmington Ave, West Hartford, CT 06107, ",https://s3-media1.fl.yelpcdn.com/bphoto/8IvsXDwgMLnxQJPggPGodA/o.jpg,(860) 561-4888
26,Ashley's Restaurant,3.5,American (Traditional),$,221 Main St,Hartford,06106,US,"Ashley's Restaurant, 221 Main St, Hartford, CT 06106, ",https://s3-media2.fl.yelpcdn.com/bphoto/ppY1fOeB--nUrVznbdI6qA/o.jpg,(860) 247-8730
27,Asia 2000 Chinese Restaurant,2.5,Chinese,$$,520 Windsor Ave,Windsor,06095,US,"Asia 2000 Chinese Restaurant, 520 Windsor Ave, Windsor, CT 06095, ",https://s3-media1.fl.yelpcdn.com/bphoto/-Vc-ZqAvou786W7qnMZbdw/o.jpg,(860) 688-9911
28,Atrium Café and Bar,4,American (New),$$,100 Great Meadow Rd,Wethersfield,06109,US,"Atrium Café and Bar, 100 Great Meadow Rd, Wethersfield, CT 06109, ",https://s3-media3.fl.yelpcdn.com/bphoto/j3LBBGgJl_s4LjDmzQYL4A/o.jpg,(860) 757-3344
29,Au Bon Pain,3,Sandwiches,$$,80 Seymour St,Hartford,06106,US,"Au Bon Pain, 80 Seymour St, Hartford Hospital, Hartford, CT 06106",https://s3-media4.fl.yelpcdn.com/bphoto/P8Eh5MaZprMNSo5H4Z47Sw/o.jpg,(860) 241-8260
30,Au Bon Pain,3,Fast Food,$$,114 Woodland St,Hartford,06105,US,"Au Bon Pain, 114 Woodland St, Hartford, CT 06105, ",https://s3-media2.fl.yelpcdn.com/bphoto/S9VKMA8HaUaopbNFaOy04A/o.jpg,(860) 241-8980
31,Augie & Ray's Drive In,4,Burgers,$,314 Main St,East Hartford,06118,US,"Augie & Ray's Drive In, 314 Main St, East Hartford, CT 06118, ",https://s3-media1.fl.yelpcdn.com/bphoto/Aio2YMFxPG-mry8cCjv8oA/o.jpg,(860) 568-3770
32,a'VERT Brasserie,4,Brasseries,$$,35 A Lasalle Rd,West Hartford,06107,US,"a'VERT Brasserie, 35 A Lasalle Rd, West Hartford, CT 06107, ",https://s3-media1.fl.yelpcdn.com/bphoto/_Tm-8p2BJktASF0nnPDokQ/o.jpg,(860) 904-6240
33,B.GOOD,3.5,Salad,$$,140 Glastonbury Blvd,Glastonbury,06033,US,"B.GOOD, 140 Glastonbury Blvd, Glastonbury, CT 06033, ",https://s3-media2.fl.yelpcdn.com/bphoto/V1XgRLiy79K4qMiFCVR8Sw/o.jpg,(860) 633-1630
34,Baltyk European Deli,5,Delis,,731 Wethersfield Ave,Hartford,06114,US,"Baltyk European Deli, 731 Wethersfield Ave, Hartford, CT 06114, ",https://s3-media4.fl.yelpcdn.com/bphoto/3ktqVZmF8UielAyyLFrCHQ/o.jpg,
35,Banana Brazil,4.5,Brazilian,$$,341 New Park Ave,Hartford,06106,US,"Banana Brazil, 341 New Park Ave, Hartford, CT 06106, ",https://s3-media1.fl.yelpcdn.com/bphoto/fhKkBCcg4Z5p4pwV9nCoiA/o.jpg,(860) 206-9188
36,Bangkok Spice,4.5,Thai,,77 Pratt St,Hartford,06103,US,"Bangkok Spice, 77 Pratt St, Hartford, CT 06103, ",https://s3-media3.fl.yelpcdn.com/bphoto/oK0iF6g7rC8QO38eMSYuSg/o.jpg,(860) 263-8035
37,Banh Meee,4.5,Vietnamese,$,399 Capitol Ave,Hartford,06106,US,"Banh Meee, 399 Capitol Ave, Hartford, CT 06106, ",https://s3-media4.fl.yelpcdn.com/bphoto/07OzB4mXRS3Q41-ei_5ZJQ/o.jpg,(860) 880-2264
38,Barb's Pizza,4.5,Pizza,,968 Farmington Ave,West Hartford,06107,US,"Barb's Pizza, 968 Farmington Ave, West Hartford, CT 06107, ",https://s3-media4.fl.yelpcdn.com/bphoto/jvqpfgiKA4kRK13WieRewQ/o.jpg,(860) 206-3381
39,Barcelona - West Hartford,4.5,Wine Bars,$$$,971 Farmington Ave,West Hartford,06107,US,"Barcelona - West Hartford, 971 Farmington Ave, West Hartford, CT 06107, ",https://s3-media1.fl.yelpcdn.com/bphoto/vguvoFtqgx3qsBZ4qoUCmQ/o.jpg,(860) 218-2100
40,bartaco - West Hartford,4,Mexican,$$,971 Farmington Ave,West Hartford,06107,US,"bartaco - West Hartford, 971 Farmington Ave, West Hartford, CT 06107, ",https://s3-media2.fl.yelpcdn.com/bphoto/UMxpIG2IW61bShBmDABihA/o.jpg,(860) 586-8226
41,Beachland Tavern,4,American (New),$$,1128 New Britain Ave,West Hartford,06110,US,"Beachland Tavern, 1128 New Britain Ave, West Hartford, CT 06110, ",https://s3-media2.fl.yelpcdn.com/bphoto/e5LF7lqtMYYg9n-luXgv-A/o.jpg,(860) 263-7167
42,Bear's Smokehouse Barbecue,4,Barbeque,$$,25 Front St,Hartford,06103,US,"Bear's Smokehouse Barbecue, 25 Front St, Hartford, CT 06103, ",https://s3-media4.fl.yelpcdn.com/bphoto/mWGJirG01KUybHmYtO1uiA/o.jpg,(860) 785-8772
43,Bella Gourmet Pizzeria,3.5,Pizza,$,125 Fenn Rd,Newington,06111,US,"Bella Gourmet Pizzeria, 125 Fenn Rd, Newington, CT 06111, ",https://s3-media3.fl.yelpcdn.com/bphoto/SjZpy8pStO7m3Z__fuSDHg/o.jpg,(860) 667-0330
44,Bellie's Grille & Catering,5,Seafood,,77 Barbour St,Hartford,06120,US,"Bellie's Grille & Catering, 77 Barbour St, Hartford, CT 06120, ",,(860) 904-6522
45,Benjie's Jamaican Restaurant,3.5,Caribbean,,1488 Albany Ave,Hartford,06112,US,"Benjie's Jamaican Restaurant, 1488 Albany Ave, Hartford, CT 06112, ",https://s3-media1.fl.yelpcdn.com/bphoto/u_CuSI4kZVV_P0Vil-LSbg/o.jpg,(860) 244-9974
46,Bert’s Pizzaria,4.5,Pizza,,264 Park Rd,West Hartford,06119,US,"Bert’s Pizzaria, 264 Park Rd, West Hartford, CT 06119, ",https://s3-media4.fl.yelpcdn.com/bphoto/Vzsm_qWONw-pSdPK3mY_-g/o.jpg,(860) 236-8438
47,Bertucci's Italian Restaurant,2.5,Italian,$$,2882 Main St,Glastonbury,06033,US,"Bertucci's Italian Restaurant, 2882 Main St, Glastonbury, CT 06033, ",https://s3-media2.fl.yelpcdn.com/bphoto/KxY07VxKUFugReqElnd5Gg/o.jpg,(860) 633-2225
48,Between Rounds Bakery Sandwich Cafe,3.5,Bagels,$,19 John Fitch Blvd,South Windsor,06074,US,"Between Rounds Bakery Sandwich Cafe, 19 John Fitch Blvd, South Windsor, CT 06074, ",https://s3-media3.fl.yelpcdn.com/bphoto/_F_SVoHlS-GTEZnX8ZCQNw/o.jpg,(860) 291-8780
49,Bijou Restaurant,4.5,Portuguese,$$,9 Heath St,Hartford,06106,US,"Bijou Restaurant, 9 Heath St, Hartford, CT 06106, ",https://s3-media1.fl.yelpcdn.com/bphoto/gm-1VK3aZrCl-z6pgdGhWw/o.jpg,(860) 233-6010
50,Bin228 Panini & Wine Bar,4,Italian,$$,228 Pearl St,Hartford,06103,US,"Bin228 Panini & Wine Bar, 228 Pearl St, Hartford, CT 06103, ",https://s3-media4.fl.yelpcdn.com/bphoto/5ndqLkCI8GIiV2jXwQim6A/o.jpg,(860) 244-9463
51,Black Bamboo Chinese Restaurant,4,Chinese,$$,844 Farmington Ave,West Hartford,06119,US,"Black Bamboo Chinese Restaurant, 844 Farmington Ave, West Hartford, CT 06119, ",https://s3-media3.fl.yelpcdn.com/bphoto/7dnT7Y6HrGblrJqiTQFuSg/o.jpg,(860) 236-8888
52,Black-Eyed Sally's,4,Barbeque,$$,350 Asylum St,Hartford,06103,US,"Black-Eyed Sally's, 350 Asylum St, Hartford, CT 06103, ",https://s3-media2.fl.yelpcdn.com/bphoto/LXkUo7yH-Bg9nCQylM30qQ/o.jpg,(860) 278-7427
53,Blue Plate Kitchen,3.5,Diners,$$,345 N Main St,West Hartford,06117,US,"Blue Plate Kitchen, 345 N Main St, West Hartford, CT 06117, ",https://s3-media4.fl.yelpcdn.com/bphoto/isUWKj-yq8XvZanW6f5Kmg/o.jpg,(860) 906-1419
54,Blue State Coffee,4,Coffee & Tea,$$,777 Main St,Hartford,06103,US,"Blue State Coffee, 777 Main St, Hartford, CT 06103, ",https://s3-media1.fl.yelpcdn.com/bphoto/8CFNASUaJg_Mjfmkj-AV4w/o.jpg,(860) 216-1255
55,Bombay Olive,3.5,Indian,$$,450 S Main St,West Hartford,06110,US,"Bombay Olive, 450 S Main St, West Hartford, CT 06110, ",https://s3-media3.fl.yelpcdn.com/bphoto/GlgJDeKntGt8UXhi9BzkAg/o.jpg,(860) 561-3000
56,Boston Market,3.5,Comfort Food,$,417 Cottage Grove Rd,Bloomfield,06002,US,"Boston Market, 417 Cottage Grove Rd, Bloomfield, CT 06002, ",https://s3-media4.fl.yelpcdn.com/bphoto/6AcdmlWjp8bMFQdK5IaKAw/o.jpg,(860) 243-3400
57,Boston Market,3,Comfort Food,$,2834 Main St,Glastonbury,06033,US,"Boston Market, 2834 Main St, Glastonbury, CT 06033, ",https://s3-media4.fl.yelpcdn.com/bphoto/zngwpZwC_xXQ9qQlaphMjg/o.jpg,(860) 659-2850
59,Brazil Grill,4,Brazilian,$$,1996 Park St,Hartford,06106,US,"Brazil Grill, 1996 Park St, Hartford, CT 06106, ",https://s3-media3.fl.yelpcdn.com/bphoto/k_CN0LNnE7MhjL7RP_MvVg/o.jpg,(860) 523-5477
60,Broasterant,4.5,Comfort Food,$,630 Park St,Hartford,06106,US,"Broasterant, 630 Park St, Hartford, CT 06106, ",https://s3-media1.fl.yelpcdn.com/bphoto/z2xsOp4WZpGZQQwCIqFh5g/o.jpg,(860) 525-1155
61,Brooklyn Ramen,4,Ramen,$$,37 Raymond Rd,West Hartford,06107,US,"Brooklyn Ramen, 37 Raymond Rd, Maruichi Japanese Food & Deli, West Hartford, CT 06107",https://s3-media4.fl.yelpcdn.com/bphoto/BFZvhq6Ms51HwMiss2TzSg/o.jpg,(860) 904-2754
62,Bruegger's Bagels,3,Bagels,$,1 S Main St,W Hartford,06107,US,"Bruegger's Bagels, 1 S Main St, W Hartford, CT 06107, ",https://s3-media3.fl.yelpcdn.com/bphoto/XdlGTcPM8plIqJzDO0YvPg/o.jpg,(860) 236-9565
63,Bruegger's Bagels,3,Bagels,$,2801 Main St,Glastonbury,06033,US,"Bruegger's Bagels, 2801 Main St, Glastonbury, CT 06033, ",https://s3-media4.fl.yelpcdn.com/bphoto/TuTHarxZ7fD9s9ebj0svcA/o.jpg,(860) 659-4540
64,Buon Appetito Food Truck,3,Italian,$,500 Statehouse Square,Hartford,06183,US,"Buon Appetito Food Truck, 500 Statehouse Square, Hartford, CT 06183, ",https://s3-media1.fl.yelpcdn.com/bphoto/cAeEbBqq4XDc9WC5RCUzWw/o.jpg,
65,Burger and Pizza Land,1,Pizza,,295 Barbour St,Hartford,06120,US,"Burger and Pizza Land, 295 Barbour St, Hartford, CT 06120, ",https://s3-media1.fl.yelpcdn.com/bphoto/XujOasoVspXXAXzXRg4EWw/o.jpg,(860) 246-1181
66,Burger King,1,Burgers,$,914 New Britain Ave,Hartford,06106,US,"Burger King, 914 New Britain Ave, Hartford, CT 06106, ",https://s3-media4.fl.yelpcdn.com/bphoto/6EoKslQlOAAwpVnt_9FoDg/o.jpg,(860) 953-8450
67,Burger King,2.5,Fast Food,$,872 Silas Deane Hwy,Wethersfield,06109,US,"Burger King, 872 Silas Deane Hwy, Wethersfield, CT 06109, ",https://s3-media4.fl.yelpcdn.com/bphoto/YJ7muf1Gz3FRSWAYFzDJQQ/o.jpg,(860) 721-1366
68,Burger King,1.5,Burgers,$,19 Granby Street,Bloomfield,06002,US,"Burger King, 19 Granby Street, Bloomfield, CT 06002, ",https://s3-media3.fl.yelpcdn.com/bphoto/AFYk8EC2w1eTS3hwRQ8lNg/o.jpg,(860) 242-1818
69,Burger King,2.5,Fast Food,$,3025 Main Street,Glastonbury,06033,US,"Burger King, 3025 Main Street, Glastonbury, CT 06033, ",https://s3-media3.fl.yelpcdn.com/bphoto/WwTT6YORmva3ePVBOMFAHQ/o.jpg,(860) 659-2877
70,Burger King,1.5,Burgers,$,186 Prospect Ave,Hartford,06106,US,"Burger King, 186 Prospect Ave, Hartford, CT 06106, ",https://s3-media4.fl.yelpcdn.com/bphoto/hcuMrcnx4hx9i47bwAVPQw/o.jpg,(860) 236-0029
71,Burger King,2,Fast Food,$,524 Farmington Ave,Hartford,06105,US,"Burger King, 524 Farmington Ave, Hartford, CT 06105, ",https://s3-media1.fl.yelpcdn.com/bphoto/7kFHXBnALjV9AXAezzApNw/o.jpg,(813) 512-8981
72,Burger King,2,Burgers,$,708 Silver Lane,East Hartford,06118,US,"Burger King, 708 Silver Lane, East Hartford, CT 06118, ",https://s3-media3.fl.yelpcdn.com/bphoto/8O83eVn3B5J1ObcjhN6jMQ/o.jpg,(860) 568-9837
73,Burger King,1.5,Burgers,$,70 Airport Rd,Hartford,06114,US,"Burger King, 70 Airport Rd, Hartford, CT 06114, ",https://s3-media1.fl.yelpcdn.com/bphoto/hH16C2gLA4H-eek8d5AmXw/o.jpg,(860) 296-6240
74,Burger King,3,Fast Food,$,102 Weston Street,Hartford,06120,US,"Burger King, 102 Weston Street, Hartford, CT 06120, ",https://s3-media1.fl.yelpcdn.com/bphoto/Xhoyv3IpXDt5rdUjkvdiFA/o.jpg,(860) 560-2614
75,Burger King,1,Burgers,$,811 Main Street,Hartford,06103,US,"Burger King, 811 Main Street, Hartford, CT 06103, ",https://s3-media1.fl.yelpcdn.com/bphoto/alvVdocObANtgnMNi7tTwQ/o.jpg,(860) 246-2442
76,Butterfly Restaurant,3,Chinese,$$,831 Farmington Ave,West Hartford,06119,US,"Butterfly Restaurant, 831 Farmington Ave, West Hartford, CT 06119, ",https://s3-media1.fl.yelpcdn.com/bphoto/RhvbdxcphbKThT7_vfWCoQ/o.jpg,(860) 236-2816
77,Cafe Sofia,3.5,Coffee & Tea,$,984 Farmington Ave,West Hartford,06107,US,"Cafe Sofia, 984 Farmington Ave, West Hartford, CT 06107, ",https://s3-media1.fl.yelpcdn.com/bphoto/-Lrl1sPB_b_-bQPeB7JFow/o.jpg,(860) 899-3433
78,Campus Pizza,2,Pizza,$$,1258 Broad St,Hartford,06106,US,"Campus Pizza, 1258 Broad St, Hartford, CT 06106, ",https://s3-media2.fl.yelpcdn.com/bphoto/Rv_Gp6eAawQGNrCeDc7Z3g/o.jpg,(860) 246-3663
79,Capitol View Deli,2,Delis,$$,628 Asylum Ave,Hartford,06105,US,"Capitol View Deli, 628 Asylum Ave, Hartford, CT 06105, ",https://s3-media2.fl.yelpcdn.com/bphoto/3apQi9rJ5LG2ql6E45Evcw/o.jpg,(860) 293-2186
80,Caral Lounge,1.5,Peruvian,$$,1429 Park St,Hartford,06106,US,"Caral Lounge, 1429 Park St, Hartford, CT 06106, ",https://s3-media2.fl.yelpcdn.com/bphoto/vfHn_4gFAfzuRCiBybs5rw/o.jpg,(860) 310-2999
81,Carbone's Kitchen,3.5,Italian,$$,6 Wintonbury Ave,Bloomfield,06002,US,"Carbone's Kitchen, 6 Wintonbury Ave, Bloomfield, CT 06002, ",https://s3-media3.fl.yelpcdn.com/bphoto/utkl4SNy-uxfbsSEkGDBAg/o.jpg,(860) 904-2111
82,Carbone's Ristorante,4,Italian,$$$,588 Franklin Ave,Hartford,06114,US,"Carbone's Ristorante, 588 Franklin Ave, Hartford, CT 06114, ",https://s3-media3.fl.yelpcdn.com/bphoto/rxMQZtHXiBgG5wP1Kpv9lw/o.jpg,(860) 296-9646
83,Caribe Restaurant,4,Caribbean,$$,686 Park St,Hartford,06106,US,"Caribe Restaurant, 686 Park St, Hartford, CT 06106, ",https://s3-media2.fl.yelpcdn.com/bphoto/VVftuxd1ISOEJDUVzWFNiA/o.jpg,(860) 548-0776
84,Carl's BBQ & Jerk,4.5,Caribbean,$$,285 Silver Ln,East Hartford,06118,US,"Carl's BBQ & Jerk, 285 Silver Ln, East Hartford, CT 06118, ",https://s3-media3.fl.yelpcdn.com/bphoto/wCpgvtf0h-7YGTrWDxlvrg/o.jpg,(860) 568-3644
85,"Carmine's Bar, Grill & Stage",4.5,Pubs,$$,389 Main St,East Hartford,06118,US,"Carmine's Bar, Grill & Stage, 389 Main St, East Hartford, CT 06118, ",https://s3-media4.fl.yelpcdn.com/bphoto/-tMPb_lhFBKh9XnEST3Z6Q/o.jpg,(860) 206-4580
86,Carson’s Kitchen,4,Caribbean,,3155 Main St,Hartford,06120,US,"Carson’s Kitchen, 3155 Main St, Hartford, CT 06120, ",https://s3-media3.fl.yelpcdn.com/bphoto/n7F5BZVGcKDzaNVNtS1Z4Q/o.jpg,(860) 244-0943
87,Casona Restaurant,3,Latin American,$$,681 Wethersfield Ave,Hartford,06114,US,"Casona Restaurant, 681 Wethersfield Ave, Hartford, CT 06114, ",https://s3-media3.fl.yelpcdn.com/bphoto/X2b4WFFSdV-rQFcC0thnOg/o.jpg,(860) 519-5590
88,Castillo's Pizzeria,3,Pizza,$,1257 Main St,East Hartford,06108,US,"Castillo's Pizzeria, 1257 Main St, East Hartford, CT 06108, ",https://s3-media2.fl.yelpcdn.com/bphoto/39oo86tnEGzlNEWpidfXQw/o.jpg,(860) 528-1615
89,Cavros Pizzeria,3.5,Pizza,$$,184 Main St,East Hartford,06118,US,"Cavros Pizzeria, 184 Main St, East Hartford, CT 06118, ",https://s3-media2.fl.yelpcdn.com/bphoto/zL3inqDC7ATSfPM70T95Ig/o.jpg,(860) 895-1102
90,The Bar & Grill,5,American (Traditional),,512 Cedar St,Newington,06111,US,"The Bar & Grill, 512 Cedar St, Newington, CT 06111, ",,(646) 813-7285
91,Chang Jiang Chinese Restaurant,3.5,Chinese,$$,112 Main St,East Hartford,06118,US,"Chang Jiang Chinese Restaurant, 112 Main St, East Hartford, CT 06118, ",https://s3-media1.fl.yelpcdn.com/bphoto/Hf0ZQNXaCg6tdrZ_dENLvw/o.jpg,(860) 568-0817
92,Charlie's Pizzeria,4,Pizza,$,386 Prospect St,East Hartford,06108,US,"Charlie's Pizzeria, 386 Prospect St, East Hartford, CT 06108, ",https://s3-media1.fl.yelpcdn.com/bphoto/DfVWpU0H2L_MqAUvdUSvDw/o.jpg,(860) 528-0111
93,Cheek's Chicken & Waffles,3.5,Chicken Wings,,1257 Main St,East Hartford,06108,US,"Cheek's Chicken & Waffles, 1257 Main St, East Hartford, CT 06108, ",https://s3-media2.fl.yelpcdn.com/bphoto/oWGQ6TTb5enH5DoB-VYCeg/o.jpg,(860) 282-8980
94,Chef's Dog House,4,Hot Dogs,$,337 Willard Ave,Newington,06111,US,"Chef's Dog House, 337 Willard Ave, Newington, CT 06111, ",https://s3-media2.fl.yelpcdn.com/bphoto/w9wvFuI74p9bJBMTCVYROA/o.jpg,(860) 667-3700
95,Chicken City,4,Chicken Wings,,106 Sisson Ave,Hartford,06106,US,"Chicken City, 106 Sisson Ave, Hartford, CT 06106, ",https://s3-media3.fl.yelpcdn.com/bphoto/zCVpAojCDc5erJOeeyBtVg/o.jpg,(860) 236-2211
96,Chick-fil-A,4,Fast Food,$,2941 Main St,Glastonbury,06033,US,"Chick-fil-A, 2941 Main St, Glastonbury, CT 06033, ",https://s3-media3.fl.yelpcdn.com/bphoto/n9KSVZl4SOrvlLsDgt1TtQ/o.jpg,(860) 633-0800
97,Chick-fil-A,4,Fast Food,$,509 New Park Ave,West Hartford,06110,US,"Chick-fil-A, 509 New Park Ave, West Hartford, CT 06110, ",https://s3-media1.fl.yelpcdn.com/bphoto/Bskc3g-4J2hCt7KnPsQA1g/o.jpg,(860) 461-1691
98,Chili's,2.5,American (Traditional),$$,2855 Main St,Glastonbury,06033,US,"Chili's, 2855 Main St, Glastonbury, CT 06033, ",https://s3-media1.fl.yelpcdn.com/bphoto/qbavarX08-v6_-yqIqXgsg/o.jpg,(860) 657-2333
99,China Garden,4,Chinese,,1 New Britain Ave,Hartford,06106,US,"China Garden, 1 New Britain Ave, Hartford, CT 06106, ",,(860) 727-0011
100,China House,2.5,Chinese,$,498 Farmington Ave,Hartford,06105,US,"China House, 498 Farmington Ave, Ste A, Hartford, CT 06105",https://s3-media3.fl.yelpcdn.com/bphoto/laFJ0Zgxu_00tNPw6Kbjfg/o.jpg,(860) 523-5830
101,China House,3,Chinese,$,344 Franklin Ave,Hartford,06114,US,"China House, 344 Franklin Ave, Hartford, CT 06114, ",https://s3-media3.fl.yelpcdn.com/bphoto/JfRSuU-sE63f_Ak1U5Dguw/o.jpg,(860) 296-1393
102,China Jade,2.5,Chinese,$,1954 Park St,Hartford,06106,US,"China Jade, 1954 Park St, Hartford, CT 06106, ",https://s3-media2.fl.yelpcdn.com/bphoto/remXtJP1-lcHGpe8R8WlgA/o.jpg,(860) 761-0378
103,China King,3,Chinese,$,259 Sisson Ave,Hartford,06105,US,"China King, 259 Sisson Ave, Hartford, CT 06105, ",https://s3-media4.fl.yelpcdn.com/bphoto/e67UZFrQQ6wuVa_zWeqaZQ/o.jpg,(860) 236-9899
104,China Kitchen,3,Chinese,$,162 Washington St,Hartford,06106,US,"China Kitchen, 162 Washington St, Hartford, CT 06106, ",https://s3-media3.fl.yelpcdn.com/bphoto/Xy4I1YbmxJZiVX7nrFHRoQ/o.jpg,(860) 278-6460
105,Chipotle Mexican Grill,3,Mexican,$,140 Glastonbury Blvd,Glastonbury,06033,US,"Chipotle Mexican Grill, 140 Glastonbury Blvd, Ste 4, Glastonbury, CT 06033",https://s3-media3.fl.yelpcdn.com/bphoto/cSAnNR6PMMYwgfKO3XeW1w/o.jpg,(860) 652-9960
106,Chipotle Mexican Grill,3.5,Mexican,$,1084 Silas Deane Hwy,Wethersfield,06109,US,"Chipotle Mexican Grill, 1084 Silas Deane Hwy, Wethersfield, CT 06109, ",https://s3-media2.fl.yelpcdn.com/bphoto/HE-wh2rfJ73QpxmKGfINtQ/o.jpg,(860) 257-9027
107,Chipotle Mexican Grill,3.5,Mexican,$,966 Farmington Ave,West Hartford,06107,US,"Chipotle Mexican Grill, 966 Farmington Ave, West Hartford, CT 06107, ",https://s3-media1.fl.yelpcdn.com/bphoto/1HzZFNS9sV1L6dI74ZM-EA/o.jpg,(860) 586-8281
108,Choice One Pizza,2,Pizza,,24 New Britain Ave,Hartford,06106,US,"Choice One Pizza, 24 New Britain Ave, Hartford, CT 06106, ",https://s3-media4.fl.yelpcdn.com/bphoto/xq9HXOde_i879sU6dLKhog/o.jpg,(860) 278-4334
109,Chosen 1 Cajun Seafood,3.5,Seafood,,772 Park Ave,Bloomfield,06002,US,"Chosen 1 Cajun Seafood, 772 Park Ave, Bloomfield, CT 06002, ",https://s3-media4.fl.yelpcdn.com/bphoto/NPmsKtV1MQ1CZfLfPOkJLw/o.jpg,(860) 519-5654
110,Chosen 1 Cajun Seafood,3.5,Cajun/Creole,,2074 Park St,Hartford,06106,US,"Chosen 1 Cajun Seafood, 2074 Park St, Hartford, CT 06106, ",https://s3-media2.fl.yelpcdn.com/bphoto/jxGqG-I9WJeMut5H2L7zow/o.jpg,(860) 726-4089
111,"Chris""s Pizza and Deli",2.5,Salad,$,85 Airport Rd,Hartford,06114,US,"Chris""s Pizza and Deli, 85 Airport Rd, Hartford, CT 06114, ",https://s3-media3.fl.yelpcdn.com/bphoto/ju6sZkosi795uJ6BnzB7lQ/o.jpg,(860) 296-0511
112,Church & Main Delicatessen,3.5,Delis,$,20 Church St,Hartford,06103,US,"Church & Main Delicatessen, 20 Church St, Hartford, CT 06103, ",https://s3-media3.fl.yelpcdn.com/bphoto/8QhC5y0z0wlRHL3l7Ep3wg/o.jpg,(860) 246-8494
113,Cisco's American Breakfast & Mexican Cuisine,4,Mexican,$,254 Hartford Ave,Newington,06111,US,"Cisco's American Breakfast & Mexican Cuisine, 254 Hartford Ave, Newington, CT 06111, ",https://s3-media3.fl.yelpcdn.com/bphoto/gJ2eKCQFnq-sbXDdElWMyA/o.jpg,(860) 666-0703
114,City Pizza,3.5,Pizza,$$,498 Farmington Ave,Hartford,06105,US,"City Pizza, 498 Farmington Ave, Hartford, CT 06105, ",https://s3-media4.fl.yelpcdn.com/bphoto/Dp6CbZ5aXhPYL8KZodMaeA/o.jpg,(860) 236-2616
115,Comerio,3.5,Spanish,$,158 Park St,Hartford,06106,US,"Comerio, 158 Park St, Hartford, CT 06106, ",https://s3-media2.fl.yelpcdn.com/bphoto/GYceTwjqylycwhCpi27RQw/o.jpg,(860) 246-0210
116,Concetta's Italian Restaurant,3,Italian,$$,22 Mountain Ave,Bloomfield,06002,US,"Concetta's Italian Restaurant, 22 Mountain Ave, Bloomfield, CT 06002, ",https://s3-media1.fl.yelpcdn.com/bphoto/80yyxdy-JMAolro7J2DwzQ/o.jpg,(860) 242-8949
117,Connecticut Organic Pasta,5,American (New),,1142 New Britain Ave,West Hartford,06110,US,"Connecticut Organic Pasta, 1142 New Britain Ave, West Hartford, CT 06110, ",https://s3-media1.fl.yelpcdn.com/bphoto/t2Nueq63rhV75HdX9kc-hQ/o.jpg,(860) 308-2042
118,Cookshop Plus,4.5,Coffee & Tea,$$,60 LaSalle Rd,West Hartford,06107,US,"Cookshop Plus, 60 LaSalle Rd, West Hartford, CT 06107, ",https://s3-media3.fl.yelpcdn.com/bphoto/HCCBEFj4nbRJ-ExVXcBvVg/o.jpg,(860) 461-0667
119,Cora Cora,4.5,Latin American,$$,162 Shield St,West Hartford,06110,US,"Cora Cora, 162 Shield St, West Hartford, CT 06110, ",https://s3-media3.fl.yelpcdn.com/bphoto/z5yI-RADNys89jGgNCIK-Q/o.jpg,(860) 953-2672
120,Corner Grinder,4,Pizza,$,200 Franklin Ave,Hartford,06114,US,"Corner Grinder, 200 Franklin Ave, Hartford, CT 06114, ",https://s3-media2.fl.yelpcdn.com/bphoto/d_bkQ-xvQaBU0RQLBw1EPQ/o.jpg,(860) 296-0590
121,Cornerstone,4,Delis,$,529 Main St,Hartford,06103,US,"Cornerstone, 529 Main St, Hartford, CT 06103, ",https://s3-media2.fl.yelpcdn.com/bphoto/PD22HVOocgiCYY9N39EQJw/o.jpg,(860) 278-2923
122,Cosmos International,4,Indian,$,770 Farmington Ave,West Hartford,06119,US,"Cosmos International, 770 Farmington Ave, West Hartford, CT 06119, ",https://s3-media1.fl.yelpcdn.com/bphoto/hTiwAyE9X4N8Ue_WZSlk9w/o.jpg,(860) 232-6600
123,Coyote Flaco Mexican Food,3.5,Mexican,$$,635 New Britain Ave,Hartford,06106,US,"Coyote Flaco Mexican Food, 635 New Britain Ave, Hartford, CT 06106, ",https://s3-media3.fl.yelpcdn.com/bphoto/7h5mTEBJOZlnRKI2Y3Oa1g/o.jpg,(860) 953-1299
124,Denny's,1.5,American (Traditional),$,539 Flatbush Ave,Hartford,06106,US,"Denny's, 539 Flatbush Ave, Hartford, CT 06106, ",https://s3-media3.fl.yelpcdn.com/bphoto/hadMLoQha11lf3egn123tw/o.jpg,(860) 244-9666
125,Destiny Awaits Restaurant & Jerk Center,4.5,Food,$,3343 Main St,Hartford,06120,US,"Destiny Awaits Restaurant & Jerk Center, 3343 Main St, Hartford, CT 06120, ",https://s3-media3.fl.yelpcdn.com/bphoto/9GDIK9FP1IVn-EU3LJSYdA/o.jpg,(860) 856-1136
126,Dhaba Wala Indian Kitchen,4,Indian,$$,49 Asylum St,Hartford,06103,US,"Dhaba Wala Indian Kitchen, 49 Asylum St, Hartford, CT 06103, ",https://s3-media3.fl.yelpcdn.com/bphoto/jdw7zQv8Zo8sQgVCw1tO_Q/o.jpg,(860) 232-1500
127,DiBacco's Market,4,Italian,,553 Franklin Ave,Hartford,06114,US,"DiBacco's Market, 553 Franklin Ave, Hartford, CT 06114, ",https://s3-media3.fl.yelpcdn.com/bphoto/Mh2HdfSUQU7ssjHuX1cqjA/o.jpg,(860) 296-7365
128,Dilly's Cafe,4.5,Cafes,,39-41 Market Square,Newington,06111,US,"Dilly's Cafe, 39-41 Market Square, Newington, CT 06111, ",https://s3-media1.fl.yelpcdn.com/bphoto/j-jggBh3IBO9T2ufyhxgsg/o.jpg,
129,Dino's Pizzeria,4,Pizza,$$,439 New Park Ave,West Hartford,06110,US,"Dino's Pizzeria, 439 New Park Ave, West Hartford, CT 06110, ",https://s3-media1.fl.yelpcdn.com/bphoto/gOkmxgp-uWtb8d3CG66-qA/o.jpg,(860) 236-4300
130,Dish Bar & Grill,3.5,American (New),$$$,900 Main St,Hartford,06103,US,"Dish Bar & Grill, 900 Main St, Hartford, CT 06103, ",https://s3-media2.fl.yelpcdn.com/bphoto/Dpt2H5eP9Z_p72hmY6pPrg/o.jpg,(860) 249-3474
131,Division West Bistro & Bar,4,American (New),$$,36 LaSalle Rd,West Hartford,06107,US,"Division West Bistro & Bar, 36 LaSalle Rd, West Hartford, CT 06107, ",https://s3-media2.fl.yelpcdn.com/bphoto/29fngeNC5YeIy8CYepeJhw/o.jpg,(860) 955-9034
132,Domino's Pizza,2.5,Pizza,$,1143 New Britain Ave,West Hartford,06110,US,"Domino's Pizza, 1143 New Britain Ave, Ste C, West Hartford, CT 06110",https://s3-media4.fl.yelpcdn.com/bphoto/34SrKXEhBDYsiQ0FrtqkwQ/o.jpg,(860) 232-4000
133,Domino's Pizza,1.5,Pizza,$,312 Farmington Ave,Hartford,06105,US,"Domino's Pizza, 312 Farmington Ave, Hartford, CT 06105, ",https://s3-media4.fl.yelpcdn.com/bphoto/3KWzhYmVUozE3_mmVnFozg/o.jpg,(860) 246-8333
134,Donde Julio Restaurant- Hartford,4.5,Colombian,$,83 Park St,Hartford,06106,US,"Donde Julio Restaurant- Hartford, 83 Park St, Hartford, CT 06106, ",https://s3-media3.fl.yelpcdn.com/bphoto/yI0q8_reP9T1QgrJyoqR1g/o.jpg,(860) 724-3379
135,Drea's Kitchen,3.5,Caribbean,,99 Maple Ave,Hartford,06114,US,"Drea's Kitchen, 99 Maple Ave, Hartford, CT 06114, ",https://s3-media2.fl.yelpcdn.com/bphoto/noD3bbRqNHPTvr0VLIe-vg/o.jpg,(860) 310-2894
136,Dunns River Restaurant,4,Caribbean,$$,2996 Main St,Hartford,06120,US,"Dunns River Restaurant, 2996 Main St, Hartford, CT 06120, ",https://s3-media2.fl.yelpcdn.com/bphoto/o8PicXH3-Jxi9VjpVQHEZw/o.jpg,(860) 547-1600
137,Eastern,2,Chinese,$$,69 John Fitch Blvd,South Windsor,06074,US,"Eastern, 69 John Fitch Blvd, South Windsor, CT 06074, ",https://s3-media1.fl.yelpcdn.com/bphoto/uT_Li60EybhQWH0v7EYGDQ/o.jpg,(860) 282-2999
138,Edoichi Sushi & Hibachi Steak House,4.5,Sushi Bars,$$,580 Silas Deane Hwy,Wethersfield,06109,US,"Edoichi Sushi & Hibachi Steak House, 580 Silas Deane Hwy, Wethersfield, CT 06109, ",https://s3-media2.fl.yelpcdn.com/bphoto/L_XT1ZndmjeAbiI878xnrg/o.jpg,(860) 436-4444
139,Effie's Place,3.5,Breakfast & Brunch,$$,91 Park Rd,West Hartford,06119,US,"Effie's Place, 91 Park Rd, West Hartford, CT 06119, ",https://s3-media1.fl.yelpcdn.com/bphoto/U7Y3FXBxFHINdPnTD6cNDg/o.jpg,(860) 233-9653
140,Einstein Bros Bagels,2.5,Breakfast & Brunch,,200 Bloomfield Ave,West Hartford,06117,US,"Einstein Bros Bagels, 200 Bloomfield Ave, West Hartford, CT 06117, ",,(860) 768-4798
141,El Bajio Restaurant,4,Mexican,,289 Franklin Ave,Hartford,06114,US,"El Bajio Restaurant, 289 Franklin Ave, Hartford, CT 06114, ",https://s3-media4.fl.yelpcdn.com/bphoto/smwgWMj2gtSs3ZvJfQiuDQ/o.jpg,(860) 296-2695
142,El Mercado,4,Latin American,$,704 Park St,Hartford,06106,US,"El Mercado, 704 Park St, Hartford, CT 06106, ",https://s3-media3.fl.yelpcdn.com/bphoto/KaJPsvtWkk_yU8EvEL84_A/o.jpg,(860) 247-6449
143,El Nuevo Sarape Restaurant,4,Mexican,$$,931 Broad St,Hartford,06106,US,"El Nuevo Sarape Restaurant, 931 Broad St, Hartford, CT 06106, ",https://s3-media1.fl.yelpcdn.com/bphoto/Xe_1BP1SfWq5KLzd_uYg1A/o.jpg,(860) 547-1884
144,El Poeta  de los Sandwiches,2.5,Sandwiches,,22 Pratt St,Hartford,06103,US,"El Poeta  de los Sandwiches, 22 Pratt St, Hartford, CT 06103, ",https://s3-media2.fl.yelpcdn.com/bphoto/simBy0XxUFgQhkJ2bXc5UA/o.jpg,(860) 231-1268
145,El Poeta De Los Sandwiches,3,Sandwiches,$,22 Pratt St,Hartford,06106,US,"El Poeta De Los Sandwiches, 22 Pratt St, Hartford, CT 06106, ",https://s3-media2.fl.yelpcdn.com/bphoto/YwRsXnnGv9-kfFtytmfd5g/o.jpg,(860) 231-1268
146,El Pollo Guapo,4.5,Chicken Shop,$$,26 Front St,Hartford,06103,US,"El Pollo Guapo, 26 Front St, Hartford, CT 06103, ",https://s3-media3.fl.yelpcdn.com/bphoto/Tw0rigN6x_wFBfHxlZ4xjw/o.jpg,(860) 246-2800
147,El Pollo Guapo,4.5,Tapas/Small Plates,$$,1866 Berlin Turnpike,Wethersfield,06109,US,"El Pollo Guapo, 1866 Berlin Turnpike, Wethersfield, CT 06109, ",https://s3-media2.fl.yelpcdn.com/bphoto/q2_J9990snJv1hz4uVAb-A/o.jpg,(860) 436-4982
148,El Salvador,3.5,Restaurants,$,514 Burnside Ave,East Hartford,06108,US,"El Salvador, 514 Burnside Ave, East Hartford, CT 06108, ",https://s3-media2.fl.yelpcdn.com/bphoto/69hMZgnlNnkPW3A4nB10dw/o.jpg,(860) 528-2442
149,El Senor De Los Tamales,5,Mexican,,262 Franklin Ave,Hartford,06114,US,"El Senor De Los Tamales, 262 Franklin Ave, Hartford, CT 06114, ",https://s3-media1.fl.yelpcdn.com/bphoto/LvOsxjy8pxk2GCc5Nnzp1A/o.jpg,(860) 904-9628
150,Elaine's,3,American (Traditional),$$,1841 Berlin Tpke,Wethersfield,06109,US,"Elaine's, 1841 Berlin Tpke, Wethersfield, CT 06109, ",https://s3-media1.fl.yelpcdn.com/bphoto/-ax9zEGt6mmgvFbwxAYD4Q/o.jpg,(860) 257-4191
151,Elizabeth's Bar & Restaurant in Bloomfield,3.5,Portuguese,$$,774 Park Ave,Bloomfield,06002,US,"Elizabeth's Bar & Restaurant in Bloomfield, 774 Park Ave, Bloomfield, CT 06002, ",https://s3-media1.fl.yelpcdn.com/bphoto/lhn5P5bdt1Tft92SFaASWQ/o.jpg,(860) 216-6170
152,Elmwood Pizza & Grinders,3,Pizza,$$,1154 New Britain Ave,West Hartford,06110,US,"Elmwood Pizza & Grinders, 1154 New Britain Ave, West Hartford, CT 06110, ",https://s3-media2.fl.yelpcdn.com/bphoto/HfEp2fWGdTkQqaQhHpqRVg/o.jpg,(860) 561-2044
153,Empire Pizza,2,Italian,$$$,109 Lowrey Pl,Newington,06111,US,"Empire Pizza, 109 Lowrey Pl, Newington, CT 06111, ",https://s3-media3.fl.yelpcdn.com/bphoto/HoD4f6ngWYYdI0p8NXkUgA/o.jpg,(860) 666-8866
154,Empire Pizza House,3,Pizza,$$,861 New Britain Ave,Hartford,06106,US,"Empire Pizza House, 861 New Britain Ave, Hartford, CT 06106, ",https://s3-media2.fl.yelpcdn.com/bphoto/wvEE-rc4ZYz06iTtmkL2VA/o.jpg,(860) 953-0596
155,Far East Buffet,3.5,Buffets,$,188 Silas Deane Hwy,Wethersfield,06109,US,"Far East Buffet, 188 Silas Deane Hwy, Wethersfield, CT 06109, ",https://s3-media3.fl.yelpcdn.com/bphoto/PXEuk6rHu8hYSKU6Kz0IFQ/o.jpg,(860) 563-1888
156,Fat Franks & Latin Cuisine,2.5,Pizza,$$,481 Wethersfield Ave,Hartford,06114,US,"Fat Franks & Latin Cuisine, 481 Wethersfield Ave, Hartford, CT 06114, ",https://s3-media4.fl.yelpcdn.com/bphoto/Iov8cPfyBls46roD9r3Rog/o.jpg,(860) 296-3111
157,Feng Chophouse,4.5,Sushi Bars,,93 Asylum St,Hartford,06103,US,"Feng Chophouse, 93 Asylum St, Hartford, CT 06103, ",https://s3-media2.fl.yelpcdn.com/bphoto/BTDDTo24oWTfo-Agn4it_A/o.jpg,(860) 549-3364
158,Fernwood Restaurant,3.5,American (Traditional),$$,1113 New Britain Ave,West Hartford,06110,US,"Fernwood Restaurant, 1113 New Britain Ave, West Hartford, CT 06110, ",https://s3-media2.fl.yelpcdn.com/bphoto/eF2CtFdmYZ9TEYamWFQQMA/o.jpg,(860) 233-6662
159,Fiambrera Criolla,1.5,Puerto Rican,,881 New Britain Ave,Hartford,06106,US,"Fiambrera Criolla, 881 New Britain Ave, Hartford, CT 06106, ",https://s3-media2.fl.yelpcdn.com/bphoto/CuQHxO5eXu0x9kW7bLl9BA/o.jpg,(860) 263-7549
160,Fiddleheads Cafe,4.5,Breakfast & Brunch,,533 Farmington Ave,Hartford,06105,US,"Fiddleheads Cafe, 533 Farmington Ave, Hartford, CT 06105, ",https://s3-media2.fl.yelpcdn.com/bphoto/0iEMyms0E7S1RdZCUr44cw/o.jpg,(860) 937-2563
161,Fire & Spice Vegan Restaurant,4.5,Vegetarian,$,491 Capitol Ave,Hartford,06106,US,"Fire & Spice Vegan Restaurant, 491 Capitol Ave, Hartford, CT 06106, ",https://s3-media1.fl.yelpcdn.com/bphoto/R0mb6K3slk-LPrH1CddrAA/o.jpg,(860) 519-0476
162,Firebox Restaurant,4,American (New),$$$,539 Broad St,Hartford,06106,US,"Firebox Restaurant, 539 Broad St, Hartford, CT 06106, ",https://s3-media3.fl.yelpcdn.com/bphoto/6T9IjFQhbpYIbvoaRo45Rg/o.jpg,(860) 246-1222
163,First & Last Tavern,3.5,Pizza,$$,939 Maple Ave,Hartford,06114,US,"First & Last Tavern, 939 Maple Ave, Hartford, CT 06114, ",https://s3-media2.fl.yelpcdn.com/bphoto/AArjycnPUsmCj6mfx8uhkQ/o.jpg,(860) 956-6000
164,First and Last Bakery Cafe,4,Breakfast & Brunch,$,920 Maple Ave,Hartford,06114,US,"First and Last Bakery Cafe, 920 Maple Ave, Hartford, CT 06114, ",https://s3-media3.fl.yelpcdn.com/bphoto/NGoohAz3Ln_E1sRGlgxDjw/o.jpg,(860) 956-7000
165,First & Last Tavern,3,Coffee & Tea,,"Hartford, CT",Hartford,0,US,"First & Last Tavern, Hartford, CT, , ",,
166,Five Guys,3,Burgers,$$,2944 Main St,Glastonbury,06033,US,"Five Guys, 2944 Main St, Glastonbury, CT 06033, ",https://s3-media1.fl.yelpcdn.com/bphoto/HhsAbmDWyxYxxoctlMKuhg/o.jpg,(860) 657-8506
167,Five Guys,3.5,Fast Food,$$,316 N Main St,West Hartford,06117,US,"Five Guys, 316 N Main St, West Hartford, CT 06117, ",https://s3-media2.fl.yelpcdn.com/bphoto/ZNekyE93b1vOzXcba2x1uw/o.jpg,(860) 231-8166
168,Fleming’s Prime Steakhouse & Wine Bar,4,Steakhouses,$$$,44 S Main St,West Hartford,06107,US,"Fleming’s Prime Steakhouse & Wine Bar, 44 S Main St, West Hartford, CT 06107, ",https://s3-media2.fl.yelpcdn.com/bphoto/Q8mmrQ6CnAn-7VSHQgZ8tw/o.jpg,(860) 676-9463
169,Flora,4.5,Wine Bars,$$,45 Raymond Rd,West Hartford,06107,US,"Flora, 45 Raymond Rd, Fl 2nd, West Hartford, CT 06107",https://s3-media4.fl.yelpcdn.com/bphoto/MaQsGdVncTlUefZqG6gq2Q/o.jpg,(860) 216-5992
170,Fornarelli's Ristorante & Bar,4,Bars,,283 Asylum St,Hartford,06103,US,"Fornarelli's Ristorante & Bar, 283 Asylum St, Hartford, CT 06103, ",https://s3-media3.fl.yelpcdn.com/bphoto/0umPJGPhbqqHyKhFqquJXw/o.jpg,(860) 244-2016
171,Fortune Chinese Restaurant,2.5,Chinese,$,97 Prospect Ave,Hartford,06106,US,"Fortune Chinese Restaurant, 97 Prospect Ave, Hartford, CT 06106, ",https://s3-media4.fl.yelpcdn.com/bphoto/XwfFojbUi9wYfiWDTIA0ng/o.jpg,(860) 232-7777
172,Francesco's Ristorante,3,Italian,$$$,318 Franklin Ave,Hartford,06114,US,"Francesco's Ristorante, 318 Franklin Ave, Hartford, CT 06114, ",https://s3-media3.fl.yelpcdn.com/bphoto/SHtOFKt-6hMpxXQwMeicHw/o.jpg,(860) 296-3024
173,Frank Pepe's Pizza of West Hartford,3.5,Pizza,$$,1148 New Britian Ave,West Hartford,06110,US,"Frank Pepe's Pizza of West Hartford, 1148 New Britian Ave, West Hartford, CT 06110, ",https://s3-media3.fl.yelpcdn.com/bphoto/FwdN0v99SbdXnZNp7DF46A/o.jpg,(860) 236-7373
174,Franklin Giant Sandwich Shop,3.5,Pizza,$$,464 Franklin Ave,Hartford,06114,US,"Franklin Giant Sandwich Shop, 464 Franklin Ave, Hartford, CT 06114, ",https://s3-media1.fl.yelpcdn.com/bphoto/ul8kXLVaJ1m3l_BGqc2Nog/o.jpg,(860) 296-6574
175,Freshii,3.5,Salad,$,892 Main St,Hartford,06103,US,"Freshii, 892 Main St, Hartford, CT 06103, ",https://s3-media1.fl.yelpcdn.com/bphoto/6ZyWyXjDTYvWZ91Sy9Al8Q/o.jpg,(860) 900-0231
176,Frida,3.5,Mexican,$$,1150 New Britain Ave,West Hartford,06110,US,"Frida, 1150 New Britain Ave, West Hartford, CT 06110, ",https://s3-media1.fl.yelpcdn.com/bphoto/LuHmzdPzgrU3HVcin9erug/o.jpg,(860) 310-2179
177,Friendly's,1.5,American (Traditional),$$,1045 Silas Deane Hwy,Wethersfield,06109,US,"Friendly's, 1045 Silas Deane Hwy, Wethersfield, CT 06109, ",https://s3-media2.fl.yelpcdn.com/bphoto/u0YiSMerPeqUOYxLOrllyg/o.jpg,(860) 563-4821
178,Front Street Bistro,3.5,Mediterranean,$$,39 Front St,Hartford,06103,US,"Front Street Bistro, 39 Front St, Hartford, CT 06103, ",https://s3-media2.fl.yelpcdn.com/bphoto/3VnVRac2r8CJRjjNND3yYw/o.jpg,(860) 422-7711
179,Fuego Picante,4.5,Mexican,,495 Flatbush Ave,Hartford,06106,US,"Fuego Picante, 495 Flatbush Ave, Hartford, CT 06106, ",https://s3-media1.fl.yelpcdn.com/bphoto/bAgAocm_YEz5c4Z7Lt-Klw/o.jpg,(860) 965-1807
180,Fung Chinese Restaurant,4.5,Chinese,$,891 Maple Ave,Hartford,06114,US,"Fung Chinese Restaurant, 891 Maple Ave, Hartford, CT 06114, ",https://s3-media2.fl.yelpcdn.com/bphoto/QFeDep_bE9TTDX9UcoEX9A/o.jpg,(860) 956-6888
181,George's Pizza House,4,Pizza,$$,2027 Park St,Hartford,06106,US,"George's Pizza House, 2027 Park St, Hartford, CT 06106, ",https://s3-media2.fl.yelpcdn.com/bphoto/sQrloCG_r1Mbu9JlXGI7Qg/o.jpg,(860) 232-5565
182,Gillette Ridge Restaurant,3.5,American (Traditional),$$,1360 Hall Blvd,Bloomfield,06002,US,"Gillette Ridge Restaurant, 1360 Hall Blvd, Bloomfield, CT 06002, ",https://s3-media2.fl.yelpcdn.com/bphoto/gWzhBfTtR4y9OjEY090hDQ/o.jpg,(860) 726-1430
183,Ginger Root Japanese & Chinese,3,Japanese,$,9 Main St,East Hartford,06118,US,"Ginger Root Japanese & Chinese, 9 Main St, East Hartford, CT 06118, ",https://s3-media4.fl.yelpcdn.com/bphoto/NK1YPBF50Ijs3_jgW4JVEg/o.jpg,(860) 568-1583
184,Gino's Pizza & Ranch House,2,Pizza,$,407 Cottage Grove Rd,Bloomfield,06002,US,"Gino's Pizza & Ranch House, 407 Cottage Grove Rd, Bloomfield, CT 06002, ",https://s3-media1.fl.yelpcdn.com/bphoto/7g4GW5Qzm9JkkKfhshv0tw/o.jpg,(860) 242-8030
185,Ginza Express,3.5,Japanese,$,89 Asylum St,Hartford,06103,US,"Ginza Express, 89 Asylum St, Hartford, CT 06103, ",https://s3-media4.fl.yelpcdn.com/bphoto/Rh3ahKL2nUTRqFXxB4Vm1Q/o.jpg,(860) 595-1478
186,Ginza Japanese Cuisine,4,Japanese,$$,14 Wintonbury Mall,Bloomfield,06002,US,"Ginza Japanese Cuisine, 14 Wintonbury Mall, Bloomfield, CT 06002, ",https://s3-media2.fl.yelpcdn.com/bphoto/YyPIbOSum01GGyv0TJRVdg/o.jpg,(860) 242-8289
187,Gold Roc Diner,2.5,American (Traditional),$,61 Kane St,West Hartford,06119,US,"Gold Roc Diner, 61 Kane St, West Hartford, CT 06119, ",https://s3-media4.fl.yelpcdn.com/bphoto/bJaJW75OfTbfsa5whQUJww/o.jpg,(860) 236-9366
188,Goldberg's Bagels,4,Bagels,$,1131 New Britain Ave,West Hartford,06110,US,"Goldberg's Bagels, 1131 New Britain Ave, Ste A, West Hartford, CT 06110",https://s3-media3.fl.yelpcdn.com/bphoto/2mUxRotgpzyGF6tob6Lfvw/o.jpg,(860) 231-8688
189,GoldBurgers,4.5,Burgers,$,1096 Main St,Newington,06111,US,"GoldBurgers, 1096 Main St, Newington, CT 06111, ",https://s3-media3.fl.yelpcdn.com/bphoto/V-l6t0M6SI4MkxN3xjK9FQ/o.jpg,(860) 665-0478
190,Golden Krust Caribbean Restaurant,3,Caribbean,$$,1170 Albany Ave,Hartford,06112,US,"Golden Krust Caribbean Restaurant, 1170 Albany Ave, Hartford, CT 06112, ",https://s3-media3.fl.yelpcdn.com/bphoto/BsKWgHQkZrk-MU7oAUp2XA/o.jpg,(860) 724-7983
191,Gourmet Wok,3,Chinese,$$,2856 Main St,Glastonbury,06033,US,"Gourmet Wok, 2856 Main St, Glastonbury, CT 06033, ",https://s3-media2.fl.yelpcdn.com/bphoto/xsfCAQL0015rBBT99TL1WQ/o.jpg,(860) 659-9922
192,Great TSO,3.5,Chinese,$,278 Park Rd,West Hartford,06119,US,"Great TSO, 278 Park Rd, Ste B, West Hartford, CT 06119",https://s3-media4.fl.yelpcdn.com/bphoto/8IinUB8ufl0EyqA_ZbuHNA/o.jpg,(860) 232-7668
193,Great Wall,4,Chinese,$,685 Silas Deane Hwy,Wethersfield,06109,US,"Great Wall, 685 Silas Deane Hwy, Wethersfield, CT 06109, ",https://s3-media2.fl.yelpcdn.com/bphoto/eOYh6jSfEowKdPLw3jLtFw/o.jpg,(860) 257-9933
194,G's Steaks and Grinders,4.5,Cheesesteaks,$$,2053 Park St,Hartford,06106,US,"G's Steaks and Grinders, 2053 Park St, Hartford, CT 06106, ",https://s3-media1.fl.yelpcdn.com/bphoto/Up4B4uHfukeko7xzgPJ5DA/o.jpg,(860) 216-1690
195,Han Restaurant,4,Hot Pot,$$,310 Prospect Ave,Hartford,06106,US,"Han Restaurant, 310 Prospect Ave, Hartford, CT 06106, ",https://s3-media1.fl.yelpcdn.com/bphoto/Mz5VgzDuY7pt33PgccaM2w/o.jpg,(860) 216-5726
196,Harry's Bishops Corner,4.5,Pizza,$$,732 N Main St,West Hartford,06117,US,"Harry's Bishops Corner, 732 N Main St, West Hartford, CT 06117, ",https://s3-media1.fl.yelpcdn.com/bphoto/gCnIyhI0-Cyy47cMUN7l1Q/o.jpg,(860) 236-0400
197,Harry's Pizza,4,Pizza,$$,39 S Main St,West Hartford,06107,US,"Harry's Pizza, 39 S Main St, West Hartford, CT 06107, ",https://s3-media1.fl.yelpcdn.com/bphoto/akAhN130Yelma1WtSOI2sA/o.jpg,(860) 231-7166
198,Hartford # 1 Chinese Restaurant,3.5,Chinese,$,3155 Main St,Hartford,06120,US,"Hartford # 1 Chinese Restaurant, 3155 Main St, Hartford, CT 06120, ",https://s3-media3.fl.yelpcdn.com/bphoto/LGNBFmH_eDvA3QOUxoJY6Q/o.jpg,(860) 548-0110
199,Hartford Baking,4,Cafes,$,965 Farmington Ave,West Hartford,06107,US,"Hartford Baking, 965 Farmington Ave, West Hartford, CT 06107, ",https://s3-media4.fl.yelpcdn.com/bphoto/wcllX8XhltrMcTAdGk3EHA/o.jpg,(860) 570-1579
200,Hartford Baking Co,4,Coffee & Tea,$$,625 New Park Ave,West Hartford,06110,US,"Hartford Baking Co, 625 New Park Ave, West Hartford, CT 06110, ",https://s3-media3.fl.yelpcdn.com/bphoto/01GVRWdZLCESmTt3WPh2JA/o.jpg,(860) 570-1579
